bank,clients,loans
Brena,28271,2483
Kassey,19830,5918
Vanessa,80339,8446
Rosene,15903,1172
Marjie,19294,5137
Kate,15856,9667
Kittie,54918,6629
Fernande,19159,3439
Phedra,3233,4390
Katuscha,27219,9253
Leanna,43954,8180
Florencia,80919,614
Marguerite,58121,5312
Claresta,44083,2922
Sindee,23755,9627
Corly,15167,7081
Teriann,17030,7267
Kristan,32058,8378
Jere,70863,4093
Carree,83375,1107
Annora,68259,4999
Clary,11121,4570
Jeanna,62579,6628
Mahalia,20067,1436
Tonia,66536,3347
Janis,16545,5127
Harrietta,55358,153
Augustine,88638,5075
Stacey,40869,2363
Marita,69733,8672
Lizzie,58728,5918
Mureil,53623,9094
Emelina,38736,4240
Anestassia,70355,6722
Daune,63938,2518
Rosanne,79047,5164
Nollie,31974,6596
Cherilyn,44408,3555
Madalyn,40611,6067
Mady,87490,613
Sarette,19308,9516
Renie,76038,7510
Bobbi,51416,9628
Eolanda,55368,1052
Clementine,79324,1567
Arlena,22976,8591
Lacie,78510,9663
Margalo,76707,226
Mariele,19701,416
Concettina,55211,2821
Sherrie,7051,2263
Danny,7913,9497
Wilma,47771,6565
Minda,76442,3061
Shell,71909,4534
Tabbatha,54958,4216
Demetris,12907,9842
Annabela,40384,4236
Gavrielle,9377,7744
Dyann,26816,6599
Anica,47366,8123
Edith,69926,7878
Marnia,32411,7319
Jobi,47889,6456
Briney,41751,8304
Cathie,27878,3669
Kellen,70077,9160
Aili,89858,3938
Nollie,74016,645
Doro,47826,9678
Melanie,61064,5593
Clary,50695,6910
Jenilee,49082,8930
Imojean,77471,9820
Meriel,55235,5090
Gusella,47087,4599
Malina,89629,2184
Giustina,22469,4925
Cordi,60138,8672
Kalina,89331,7328
Cam,47860,3295
Ermengarde,6770,6686
Nananne,11157,5504
Kary,60453,7234
Lorie,47516,1405
Eolanda,33947,3628
Selia,2549,5632
Brietta,1916,6083
Esmeralda,89875,4965
Dorothy,28714,5714
Malina,10954,450
Camile,14405,4133
Aigneis,15714,451
Ashlee,19087,2510
Mathilda,44389,4442
Deirdre,29977,2888
Alleen,10605,1666
Candy,61855,2814
Myriam,10532,6757
Marline,23138,1619
Deloria,77330,6135
Chere,67643,1911
Correy,45367,5249
Elfreda,85266,3444
Bee,45467,1271
Deane,47170,5466
Brianna,47538,8784
Eve,18343,4925
Candy,52855,5708
Jerry,46878,9932
Flo,58341,7125
Christal,72825,797
Dione,12268,3349
Carly,78623,2549
Elfreda,67445,9079
Genevra,51380,1358
Kamilah,44292,1846
Madeleine,26371,4566
Olwen,13770,600
Babita,22816,5386
Cherrita,78319,150
Lanae,46981,1088
Rosaline,23666,4457
Jackie,89192,3583
Agnese,41977,481
Ulrike,20713,2264
Madeleine,36904,7201
Annabela,49847,1115
Bibby,55666,8359
Carol-Jean,71725,2533
Renae,55454,8852
Mellicent,32801,9399
Rosabelle,43410,8296
Vita,70826,8043
Marita,55003,6764
Ebonee,54890,8901
Trudie,24570,848
Tierney,22191,9503
Consuela,15350,9406
Zsa Zsa,36987,4727
Ileana,88459,9685
Jasmina,54435,6092
Robinia,75040,5900
Georgetta,11637,9351
Neila,85138,8743
Georgina,49641,1118
Caressa,69222,4607
Marika,71286,334
Susan,33183,6778
Elfreda,30586,4842
Thalia,28066,3286
Joleen,63289,7928
Rosaline,14527,3951
Patricia,65212,1453
Lila,80546,7388
Sadie,46385,275
Juliane,15330,7923
Moyna,80857,5296
Cathie,8000,780
Penelopa,49556,9997
Jennica,67835,9922
Tomasina,63207,9846
Nyssa,25917,8369
Rani,39217,7266
Nanete,88765,6452
Jaime,22129,3901
Nollie,18742,4523
Angela,51428,7072
Rebeca,85887,1714
Abbie,19097,6450
Melina,73590,1084
Desirae,86574,7094
Deedee,40730,7597
Dari,31782,6727
Wanda,43698,7331
Angelique,12660,6482
Kassey,36241,981
Jennica,21186,7989
Jaime,82554,5538
Yvonne,1937,2376
Marika,21776,6844
Hettie,78505,3537
Clo,11416,5061
Sara-Ann,11334,1435
Ingrid,53927,8405
Rivalee,9533,5297
Hildegaard,40804,1125
Betta,8910,8103
Violet,76888,7363
Nyssa,77845,4221
Magdalena,87541,4278
Amara,65460,3619
Joeann,14617,7454
Allis,23659,9749
Mady,25472,1460
Netty,16165,3002
Catrina,6484,7946
Elsie,71325,6892
Christian,65090,2022
Berget,10916,8344
Ellette,73529,5123
Gwyneth,20796,8653
Oralee,36140,7815
Joeann,67002,9957
Lynnea,31334,6812
Florie,14052,9240
Maryellen,52134,341
Joy,29510,9674
Carree,64273,7345
Dione,1480,4444
Flory,67284,6498
Babita,18901,772
Shandie,12151,4662
Blake,89086,8152
Maud,78113,6644
Gilda,22380,3866
Corina,14857,4023
Gaylene,4020,4453
Verla,55022,9245
Priscilla,58748,438
Agnese,77418,1654
Alyssa,18490,8090
Bibby,54200,7910
Drucie,44737,6682
Norine,23176,5703
Shirlee,63020,762
Tabbatha,64908,9173
Kimmy,7441,3392
Arlena,83654,5344
Josephine,85675,1531
Kittie,59688,6296
Alyssa,72727,7549
Iseabal,23838,895
Taffy,62972,9503
Myriam,30060,1030
Jillayne,35893,2553
Nannie,62584,231
Margarette,62091,4462
Lexine,74948,9435
Jacenta,66331,4661
Glenda,22705,3938
Dari,16202,7016
Alyssa,11158,2604
Juliane,57492,131
Kaia,25956,1288
Kial,30051,7162
Eadie,9520,1704
Kittie,39514,9021
Pearline,74496,2557
Britte,5679,8701
Delilah,43968,7827
Gertrud,63614,7351
Ayn,71646,7898
Cordi,39911,998
Arlena,61797,2665
Dania,30653,9358
Candi,75007,5273
Annabela,79743,3422
Darci,67619,4406
Ekaterina,46277,1687
Brana,80299,7418
Tomasina,32032,5623
Peri,81161,8118
Donnie,48179,6192
Dagmar,67770,4333
Gwenneth,9722,2016
Madalyn,80341,3397
Sophia,51907,9645
Marti,65269,2733
Tierney,42906,8436
Riannon,15056,110
Lorie,48478,3695
Ruthe,15354,194
Katuscha,19361,4258
Hannis,12756,3029
Ekaterina,73279,5447
Joy,25932,1742
Tani,55989,4506
Mignon,43666,891
Nerta,35668,3026
Jan,89658,5491
Tonia,11050,3135
Deloria,59307,1579
Stephanie,36286,4109
Rosaline,16198,7164
Regina,77068,5168
Courtnay,82754,4095
Desirae,75649,9812
Corina,25229,9601
Ivett,77317,8036
Krystle,4064,8312
Gilligan,20317,4555
Consuela,70791,5387
Carly,18827,4029
Valeda,72621,3570
Bertine,44587,7649
Gusty,63522,4002
Julieta,58286,9351
Ashlee,62261,6359
Valera,5948,8773
Carlie,9426,1843
Hettie,4987,9537
Ada,67822,7039
Tami,66768,8949
Olwen,58511,5335
Gerianna,31729,5381
Marika,61612,2657
Bobbi,55712,9085
Anestassia,46419,9642
Phylis,69902,2961
Gabriellia,52346,2659
Flory,67087,3825
Noelle,46428,6226
Dorthy,5177,6464
Meghann,26970,2647
Julieta,18326,4347
Justinn,23750,3064
Nadine,78141,1598
Caryl,10439,8106
Doro,88481,9613
Catrina,2955,2158
Ida,54599,7729
Alyssa,39437,6115
Kimberley,79473,3013
Noelle,43669,2990
Maurene,24235,8165
Hope,89636,1034
Carly,36649,6632
Hyacinthe,31844,7573
Fina,87978,5276
Gretal,75033,5601
Meriel,68419,5783
Lorenza,24802,1893
Oralee,5515,8251
Consuela,1719,3952
Marnia,45156,8573
Almeta,34454,5988
Melodie,20127,7058
Roz,1913,8712
Linet,30122,6033
Kirbee,40173,7919
Melina,14794,3772
Teddie,45573,7159
Minda,86376,9509
Amara,18911,3326
Sarette,80118,6829
Adriana,67658,6399
Harrietta,79277,966
Rosabelle,35210,4795
Jean,32333,9686
Celene,35121,9374
Caressa,15144,6971
Consuela,32330,5400
Shaylyn,6221,1830
Oralee,36327,4971
Anestassia,88005,210
Nikki,59226,5287
Daryl,58319,1930
Cherrita,36651,1898
Kimberley,73856,1578
Elka,40551,5624
Darlleen,52050,4011
Isa,38724,393
Leanna,64204,4155
Elfreda,18089,4856
Dede,67233,9683
Elora,79647,331
Florie,87587,4311
Dulce,74884,3456
Noelle,5053,4964
Christy,29664,8653
Margalo,74532,9762
Oralee,88989,6273
Demetris,16952,4063
Viviene,28489,9970
Daune,61787,3543
Roslyn,45286,9015
Paulita,72715,2623
Chere,64705,8193
Arlena,15812,3525
Angela,14044,4514
Layla,54045,3558
Nariko,1224,6176
Lusa,68123,3671
Gabriellia,79375,9523
Kore,22735,2510
Talya,58546,3778
Ileana,45531,583
Farrah,7705,1755
Emma,21480,4810
Cyndie,54599,7614
Nelle,66002,5536
Dawn,30018,9650
Rosene,77179,8113
Shauna,56483,1371
Myrtice,50266,5406
Lucy,77844,5388
Nannie,8490,9989
Sheelagh,29103,1297
Vere,72937,413
Wynne,66546,2431
Elora,58478,1716
Merrie,88891,9905
Pearline,45405,6337
Gianina,14769,3836
Eugine,64453,5718
Stacey,54083,8107
Louella,63542,7930
Flo,19213,9978
Jordan,51061,6675
Alexine,52680,2209
Lynea,82538,3287
Georgina,1297,2519
Lexine,46690,6981
Shandie,73440,7628
Lita,26904,1308
Bill,82345,2539
Korrie,75356,3105
Jorry,67204,990
Queenie,75940,4761
Loree,13117,6021
Chere,61806,2002
Tatiania,25906,3972
Jolyn,84048,7894
Aaren,52618,2553
Michaelina,87191,2924
Augustine,11065,186
Berta,64708,7614
Benita,59317,1952
Maud,56138,6528
Edee,16572,8165
Adele,37680,3690
Emylee,60386,429
Marti,78424,6880
Melisent,41780,4660
Hayley,61605,1250
Rayna,33931,3589
Mahalia,38246,8385
Janenna,88965,3459
Ingrid,54327,8947
Gerianna,71230,7142
Esmeralda,65226,4879
Emmey,54911,6472
Starla,63700,4574
Sheree,2553,5954
Cyb,15182,9597
Karolina,55467,9866
Elka,11357,3437
Dawn,29151,6336
Etta,18323,5895
Hyacinthe,45572,3600
Evaleen,18601,9639
Janey,84928,5516
Merrie,46783,1212
Darci,70042,9808
Alie,70884,4708
Elbertina,62653,969
Rubie,17189,8267
Kassey,69152,1627
Ninnetta,73972,6809
Lulita,64092,3672
Dania,46697,7788
Kimmy,71535,4283
Jere,30290,9700
Fred,78964,1102
Ann-Marie,30874,7541
Sidoney,69615,4455
Cacilie,77036,8955
Robinia,82323,9139
Althea,65162,1251
Ethel,3155,1152
Vanessa,36991,6782
Damaris,47707,2093
Lorie,76260,2631
Thalia,25634,6805
Imojean,54025,7914
Concettina,15483,8993
Caritta,5134,2432
Frances,52117,1985
Madeleine,40284,9153
Magdalena,12000,8544
Paule,54906,1939
Charissa,22328,8556
Gusty,87885,2599
Romona,68804,4943
Leeanne,85276,1500
Babita,65581,2788
Theodora,25327,2799
Shell,28491,8672
Anica,42617,1428
Hettie,8414,5073
Maud,3914,7820
Gretal,43463,9879
Alia,63580,754
Mellicent,40640,9060
Hermione,16367,5575
Sibella,85266,4743
Ronna,46103,3784
Rayna,9266,2922
Miquela,51251,5986
Tani,48314,4139
Jaclyn,76651,1475
Lorne,62352,7701
Roberta,50224,9340
Joelly,68708,8519
Carly,23075,3187
Judy,20414,7943
Kristina,58146,6283
Ida,79742,4359
Kara-Lynn,82668,3175
Dorice,11742,5780
Paule,41788,7682
Marcelline,84172,4379
Molli,33803,3703
Calla,64184,6907
Jasmina,45173,2154
Marti,85003,1190
Gertrud,74491,3008
Yvonne,12316,5640
Micheline,18854,849
Halette,84767,3521
Patricia,37358,3035
Dale,46585,3090
Nanete,15946,8260
Merry,83342,2864
Christy,54781,3393
Phylis,28901,9343
Therine,69749,2511
Kaia,4096,5720
Jessy,55023,9353
Hermione,67231,6894
Rani,7870,6800
Kimberley,21679,5675
Diena,44678,6951
Deirdre,66415,8077
Joleen,13990,9877
Lorne,14985,2082
Myriam,78446,726
Marcelline,83193,9806
Marguerite,67109,3685
Margalo,88015,9585
Audrie,36868,6936
Lynea,24126,6844
Nollie,41245,7594
Karly,19467,5152
Katharina,34704,3571
Selma,13444,4434
Ofilia,84271,1428
Amii,40384,6915
Ruthe,24107,1725
Meghann,17668,9725
Stacey,14615,6063
Hope,25519,3038
Robinia,30779,4647
Lita,51335,7932
Ivett,67821,8019
Kittie,54685,6430
Mignon,76891,4131
Dolli,44519,1012
Gwenneth,71125,6772
Jessamyn,14511,1047
Celisse,89537,3392
Adelle,69531,8256
Belinda,81092,473
Gertrud,72717,1349
Tamqrah,19053,1088
Gwyneth,84712,5194
Devina,46264,1593
Maurene,60449,3764
Ellette,29478,9917
Carmencita,68747,7340
Berget,26271,9167
Adele,28982,3824
Rayna,13908,3870
Marita,47915,640
Talya,83552,3472
Netty,11276,9419
Fawne,61965,8546
Nerta,71603,9248
Sue,65485,3425
Emelina,22182,9497
Ada,13945,3600
Bobbi,53756,9133
Dione,21501,7670
Dulcinea,80879,3555
Charmaine,29228,5575
Katuscha,85057,2677
Merrie,48424,3339
Hermione,80081,4013
Clarice,8364,1433
Donnie,44020,5594
Iseabal,46028,8644
Kial,36736,4400
Danny,60283,5386
Nataline,61905,1944
Harmonia,20129,8999
Christian,71402,3862
Sheelagh,39328,4714
Annabela,56144,401
Leona,68871,4939
Anthia,4390,7062
Theodora,57201,8930
Debee,44673,4074
Sheelagh,77603,9515
Maud,12558,9507
Janenna,49691,3271
Elka,59876,9527
Ardeen,27039,7096
Georgetta,33425,7083
Emma,37410,2682
Catrina,15829,772
Candi,27618,2017
Drucie,80880,6652
Adriana,37829,2761
Kelly,81233,2479
Tamqrah,56655,2006
Micheline,33041,3438
Hayley,20313,2446
Nadine,33407,6711
Cordi,86415,524
Ebonee,84519,9214
Brana,15565,7377
Adele,39973,276
Konstance,25498,113
Agathe,40732,4101
Marjie,50381,7226
Aeriela,73419,9822
Theodora,27157,8492
Deane,10552,6470
Courtnay,87398,5234
Rosabelle,22337,3119
Kirbee,80661,7945
Myriam,40185,1237
Dianemarie,26219,4376
Hettie,10841,6439
Joleen,71480,6886
Gratia,23954,9211
Robinia,59535,6250
Mureil,50730,9569
Nita,36605,5742
Belva,4749,8283
Myriam,16113,3013
Alyssa,74363,2168
Coral,25889,6203
Jessy,15051,5677
Jaclyn,88983,9992
Grier,70214,1127
Sonni,6426,614
Cecile,36877,578
Carolina,35831,2794
Tonia,15340,7794
Janis,48623,4557
Amalie,37721,7955
Larine,47705,7589
Hyacinthe,62203,8774
Xylina,28769,4778
Brietta,80432,1758
Nessie,17907,9187
Vere,9534,6547
Alex,88981,9300
Dorene,12422,8262
Lolita,17642,4610
Shaylyn,35060,6683
Ursulina,15772,9131
Charlena,21079,171
Fanchon,27309,2100
Alia,56625,5724
Marjie,71212,7841
Nerta,16448,6537
Suzette,70748,6999
Raina,69886,2631
Florencia,13640,224
Daryl,1880,9389
Karly,24781,1510
Nikki,40225,8277
Robinia,74979,4839
Gabi,60120,6444
Mady,80342,9542
Steffane,5087,7734
Mellicent,72843,4202
Katuscha,39095,3172
Vevay,27049,9335
Anallese,64242,1897
Tarra,30662,5459
Harrietta,46823,5073
Ivett,42848,8393
Lauryn,65940,1526
Sam,5646,5984
Tressa,87180,3388
Alisha,25759,4368
Nariko,51384,380
Christy,85255,8388
Sadie,10819,2083
Ann-Marie,28950,8166
Kenna,78954,6635
Wanda,43952,1292
Barbi,53653,5474
Ricky,35971,2582
Dari,66267,9689
Nyssa,2528,7213
Rubie,38947,9589
Raina,79288,2094
Elena,4396,5043
Merrie,59149,6985
Dulcinea,62855,3290
Marnia,3421,4222
Mamie,35832,1293
Fina,14674,6890
Kathy,17909,3098
Nollie,15550,2791
Anica,59985,1923
Kirbee,84474,8296
Kimberley,46915,1807
Ingrid,4413,8882
Karly,71181,4121
Evaleen,45870,2745
Karena,18983,4021
Mary,1063,5017
Wileen,36759,8834
Henriette,88403,6564
Lila,10264,1230
Barbara,7592,4751
Hermione,66388,376
Anestassia,80817,5608
Sophia,28838,1400
Kaja,61487,4773
Cindelyn,21337,827
Sharai,10157,8663
Leontine,80386,1887
Doralynne,64407,723
Celisse,60375,9987
Wynne,5234,137
Cherilyn,27650,8154
Tani,89323,4610
Meg,13678,7033
Jessamyn,44475,6281
Jasmina,51526,7579
Marguerite,88809,5230
Dagmar,55630,898
Gisela,15839,673
Adriana,43511,6068
Andree,62908,5210
Daune,42258,9721
Brana,83923,6099
Gui,37705,5300
Jordan,2853,8057
Ethel,64717,6430
Nariko,50526,6889
Steffane,27830,6458
Melina,38392,4075
Shannah,6308,3218
Lisette,27452,5695
Tobe,56127,8619
Alyda,2715,1755
Gale,70581,7673
Rosene,7978,1309
Jeanna,58048,8012
Alex,32499,460
Gratia,33289,570
Gratia,18074,9319
Collen,38062,363
Elka,26366,5217
Alyda,79180,5747
Sean,67367,819
Evita,7110,2253
Georgetta,36877,6272
Audrie,70734,5612
Chastity,63742,712
Kirstin,37268,1337
Constance,23580,5773
Catrina,39305,7987
Hallie,9777,6129
Ronna,41521,1061
Estell,27677,3534
Lonnie,36695,5946
Alie,80506,8427
Stevana,72049,296
Dale,46305,330
Vonny,18156,6184
Winny,14277,1368
Rosaline,50126,7919
Siana,18703,7276
Minda,85743,6215
Konstance,13208,7113
Melina,26879,9049
Georgetta,15563,8837
Lynea,5633,158
Belinda,16958,568
Jere,59931,6602
Rori,14253,7775
Taffy,35077,9089
Adelle,34524,1378
Netty,69464,799
Moyna,12942,6480
Caryl,54775,9078
Marcelline,4950,9636
Roxane,14533,2736
Donetta,66536,5844
Elora,14279,1594
Siana,23559,4834
Meghann,84270,8287
Lenna,23395,2627
Adriana,12697,8191
Ulrike,22856,3156
Cherilyn,41136,8914
Cyndie,73837,6594
Juliane,85811,8532
Tonia,53950,9728
Leona,84674,9823
Marika,23017,2731
Blondelle,85229,6000
Lynea,62901,4253
Catrina,18030,9891
Alisha,53267,425
Maisey,30372,2510
Tybie,59094,7327
Celestyna,26700,6246
Millie,21671,2352
Sheree,22606,8948
Collen,29643,5338
Micheline,2881,870
Kirstin,42407,1092
Candy,35694,2372
Averyl,37995,1032
Kathi,33383,9443
Merle,34665,1780
Georgetta,39506,5074
Brena,46826,5130
Danika,49239,5324
Ileana,22702,3357
Ricky,84061,6316
Bernie,82159,5909
Myriam,87807,2218
Melina,65969,1591
Rosene,85149,5786
Sheelagh,38727,5449
Penelopa,11903,3002
Gilligan,11147,9311
Viki,66928,6796
Monika,14156,7032
Brandise,55608,6142
Flory,89412,5766
Mignon,26265,6169
Patricia,72856,6919
Sashenka,58010,2643
Lolita,63244,1786
Sheelagh,52218,9724
Cathie,52574,1038
Rosabelle,11621,3215
Aili,27952,1889
Lenna,77271,7665
Willetta,12812,6129
Annice,50778,4477
Leia,77948,4863
Lyssa,85914,2915
Catharine,11129,2910
Marti,33350,2312
Odessa,12272,6299
Annaliese,16873,5929
Desirae,22323,2869
Nessie,51197,2332
Grier,66145,7367
Concettina,58038,9976
Andree,41400,9206
Delilah,78598,7879
Maisey,81144,5654
Mildrid,50444,1090
Cristabel,53968,7711
Agathe,7088,8414
Marika,75048,5690
Brynna,39408,8295
Marguerite,25316,7453
Ardeen,48036,7420
Etta,6226,2640
Tersina,77281,8249
Bettine,41940,2249
Tera,17280,7753
Jenilee,57361,997
Wileen,59683,2446
Tilly,37300,9008
Winifred,41619,5008
Modestia,35026,9617
Raina,9965,3219
Dulcinea,62632,2655
Raquela,1981,2159
Merry,29433,1872
Ileana,63974,5679
Celene,63599,2270
Cathie,87253,6379
Melanie,42465,9299
Celestyna,47127,5775
Sandie,38795,5764
Valeda,14945,8648
Zondra,84829,1502
Wileen,24191,7652
Alie,86043,4712
Ardeen,66925,789
Aurelie,43746,5039
Doro,22767,3771
Wendi,33767,4501
Ursulina,62607,9889
Annice,45987,464
Iseabal,74449,4344
Estell,2498,6502
Merry,55489,5821
Joy,72303,9692
Lucille,10095,1262
Babita,52144,404
Celestyna,81108,3904
Jordan,11130,6088
Allis,74396,2311
Ida,33632,9696
Sybille,24568,4238
Raina,80668,5586
Rochette,53021,6249
Nariko,39089,2188
Lisette,18439,9790
Danny,64113,1340
Imojean,16876,4400
Rozele,19262,4753
Randa,35283,7050
Estell,22299,7785
Viki,15557,6988
Petronia,83566,3741
Orelia,1657,2909
Nanete,41975,500
Roslyn,4374,9049
Kate,4660,1952
Latisha,27771,7687
Elmira,11826,2510
Marcelline,44583,2263
Margarette,3923,9652
Jacquetta,36822,8534
Dale,21492,9096
Elena,57042,2395
Ariela,49580,7486
Bill,25830,996
Vevay,3917,9682
Charmaine,85748,9988
Dorothy,66859,3316
Inga,34499,1178
Lynnea,71408,7008
Fayre,62608,589
Daune,8449,9619
Morganica,87390,9202
Grier,29401,2112
Genovera,2754,7106
Alameda,30453,1744
Mary,63551,5584
Carly,79848,1230
Ivett,32249,3145
Tabbatha,42878,7740
Ofilia,61818,8707
Rozele,57523,8589
Charissa,6165,2619
Cyb,18852,6106
Elora,71493,2217
Tomasina,3313,3824
Estell,73544,7119
Belinda,41385,4109
Kate,53234,4670
Janey,26448,4171
Jsandye,21952,7849
Blake,6482,1427
Fayre,28681,6052
Sabina,71331,6474
Bee,16805,6465
Laurene,63728,4022
Gianina,6831,516
Courtnay,89137,6464
Chandra,87191,6786
Tersina,32618,4867
Flo,73988,9081
Siana,72109,1344
Siana,29666,1374
Carol-Jean,61284,7904
Robbi,33029,1618
Collen,43837,9528
Malina,28297,5491
Susan,14130,6791
Gerrie,88066,1459
Aryn,39683,9106
Lanae,50271,8249
Jere,51675,3548
Karly,60975,9168
Brandise,25455,5455
Hyacinthe,1317,5290
Priscilla,56282,6517
Karena,57627,8885
Wilma,1059,6813
June,28168,958
Rani,3880,6489
Steffane,59187,3817
Veda,43678,7709
Nita,25789,4320
Frances,35162,763
Mathilda,61411,2405
Correy,5659,4531
Annaliese,25877,8404
Selia,24390,1260